,start,end
0,2021-05-03 16:43:12.900717,2021-05-03 16:43:12.985338
1,2021-05-03 16:43:13.116826,2021-05-03 16:43:14.019024
2,2021-05-03 16:43:14.088040,2021-05-03 16:43:14.235140
3,2021-05-03 16:43:15.337804,2021-05-03 16:43:15.422422
4,2021-05-03 16:43:15.507042,2021-05-03 16:43:16.462563
5,2021-05-03 16:43:16.540673,2021-05-03 16:43:16.678667
6,2021-05-03 16:43:16.841386,2021-05-03 16:43:21.474778
7,2021-05-03 16:43:21.552889,2021-05-03 16:43:30.273628
8,2021-05-03 16:43:30.458522,2021-05-03 16:43:32.374010
9,2021-05-03 16:43:32.718531,2021-05-03 16:43:34.530393
10,2021-05-03 16:43:34.882575,2021-05-03 16:43:35.003177
11,2021-05-03 16:43:35.224819,2021-05-03 16:43:36.379628
12,2021-05-03 16:43:36.495493,2021-05-03 16:43:46.680718
13,2021-05-03 16:43:46.936638,2021-05-03 16:43:47.519153
